Question,Answer
what is the return policy,you can return any item within 30 days of purchase provided it is in its original condition
how can i track my order,use the tracking id sent to your email to track your order on our websites tracking page
what are your customer support hours,we are available 247 via chat and email and from 9 am to 5 pm est via phone
how do i contact customer support,you can contact us via email at supportexamplecom chat on our website or call 18001234567
how long does shipping take,standard shipping takes 57 business days expedited shipping takes 23 business days
do you offer international shipping,yes we ship to most countries worldwide delivery times vary by destination
can i cancel my order after placing it,orders can be canceled within 24 hours of placement by contacting customer support
what payment methods do you accept,we accept credit cards paypal apple pay google pay and bank transfers
how can i update my delivery address,you can update your delivery address within 24 hours of placing the order by contacting support
what should i do if i receive a damaged item,please contact support with a photo of the damaged item and well arrange a replacement
what is the warranty on your products,most products come with a oneyear warranty check the product page for specific details
can i get a refund instead of a replacement,yes refunds are available for eligible items returned within 30 days
how do i reset my account password,use the forgot password link on the login page to reset your password
what if my package is delayed,please allow 48 extra hours for delivery if its still delayed contact our support team
do you offer gift wrapping,yes gift wrapping is available for a small fee at checkout
how can i redeem my promo code,enter your promo code in the apply promo code field at checkout to receive your discount
can i combine multiple promo codes,no only one promo code can be applied per order
do you have a loyalty program,yes our loyalty program lets you earn points for every purchase which can be redeemed for rewards
what is your exchange policy,items can be exchanged for a different size or color within 30 days subject to availability
how do i report a missing item in my order,contact support with your order id and details of the missing item and well resolve the issue
how do i request a product return,log into your account navigate to the orders section and select request return for the item
can i change my order after placing it,changes can only be made within 24 hours of placing the order contact support for assistance
what are your shipping costs,standard shipping is 599 expedited shipping costs 1499 free shipping is available for orders over 50
do you offer bulk discounts,yes we offer discounts for bulk orders contact our sales team at salesexamplecom for details
how do i unsubscribe from marketing emails,click the unsubscribe link at the bottom of any marketing email or update your preferences in your account
what should i do if my product arrives damaged or defective,if your product arrives damaged or defective please take clear photos of the product and its packaging contact our customer service team via email or phone within 7 days of delivery include the photos and your order number in the communication we will assist you with a replacement or refund as quickly as possible
how can i track my order after it is shipped,once your order is shipped you will receive an email containing the tracking number and a link to the couriers website use the tracking number to check the current status and estimated delivery time of your package if you do not receive a tracking email please contact customer support for assistance
what is your return policy for items purchased during a sale,sale items are eligible for return only if they are defective or damaged items purchased on sale cannot be returned or exchanged for reasons such as size or preference please review the sale terms carefully before purchasing
can i change my delivery address after placing an order,yes you can change your delivery address as long as the order has not been shipped contact our customer support team immediately with your updated address and order number once the order has been shipped address changes may not be possible
how long does it take to process refunds,refunds are typically processed within 57 business days after we receive and inspect the returned item you will receive an email confirmation once the refund is initiated depending on your payment method it may take additional time for the refunded amount to appear in your account
do your products come with a warranty,most of our products come with a 1year manufacturers warranty please refer to the product documentation for detailed warranty terms for warranty claims proof of purchase is required
can i cancel my order after it is placed,orders can be canceled before they are shipped by contacting customer support provide your order number and we will assist with the cancellation process if the order has already been shipped you can initiate a return after receiving the item
what payment methods are accepted,we accept a variety of payment methods including credit and debit cards paypal upi net banking and more visit our payment options page during checkout for further details
can i place a bulk order or request a custom product,yes we accommodate bulk orders and custom product requests for certain items contact our sales team with your requirements and we will provide a quote and additional details
how do i subscribe to or unsubscribe from your newsletter,to subscribe enter your email address in the subscription box on our homepage to unsubscribe click the unsubscribe link at the bottom of any newsletter email if you encounter issues contact customer support
 how do i initiate a return for a product,to return a product visit our returns portal and enter your order number and email address follow the stepbystep instructions to generate a return label ensure the item is packed securely before shipping it back
 can i exchange an item for a different size or color,exchanges are allowed for size or color variations provided the item is in stock and returned in its original condition contact support to check availability and initiate the exchange process
what should i do if i receive the wrong item, if you receive an incorrect item please contact our support team immediately with your order number and photos of the received product we will arrange for a replacement or refund as soon as possible
what happens if my package is lost during shipping, if your package is lost during shipping please contact us with your order details and tracking number we will investigate with the courier service and ensure a replacement or refund is provided
 how do i update my account details such as email or password,log in to your account navigate to the account settings section and update your details if you encounter issues use the forgot password option or contact support for assistance
how do i report technical issues with the website,if you encounter technical issues please contact our support team with a description of the problem and screenshots if possible our technical team will resolve the issue promptly
what is the order for order number 1,the order consists of products pillows gift basket
what is the the order for order number 2,the order consists of products blue shirt
what is the the order for order number 4,the order consists of products nike running shoes
what is the the order for order number 9,the order consists of products chocolates flowers
what is the the order for order number 11,the order consists of products entry not found
